workers,normal_time,accuracy
1,0.2428302764892578,1.0
2,0.3844282627105713,1.0
4,0.7300095558166504,1.0
8,1.426229476928711,1.0
