workers,ray_time,ray_accuracy
1,3.263023614883423,1.0
2,3.244270086288452,1.0
4,4.861273765563965,1.0
8,1.2830758094787598,1.0
